{
  "properties": {
    "connectionReferences": {
      "shared_commondataserviceforapps": {
        "runtimeSource": "embedded",
        "connection": {
          "connectionReferenceLogicalName": "ya_sharedcommondataserviceforapps_2f56e"
        },
        "api": {
          "name": "shared_commondataserviceforapps"
        }
      }
    },
    "definition": {
      "$schema": "https://schema.management.azure.com/providers/Microsoft.Logic/schemas/2016-06-01/workflowdefinition.json#",
      "contentVersion": "1.0.0.0",
      "parameters": {
        "$connections": {
          "defaultValue": {},
          "type": "Object"
        },
        "$authentication": {
          "defaultValue": {},
          "type": "SecureObject"
        }
      },
      "triggers": {
        "行が追加、変更、または削除された場合": {
          "metadata": {
            "operationMetadataId": "0ace61c6-46a6-44fa-8b49-b46530ba449f"
          },
          "type": "OpenApiConnectionWebhook",
          "inputs": {
            "host": {
              "connectionName": "shared_commondataserviceforapps",
              "operationId": "SubscribeWebhookTrigger",
              "apiId": "/providers/Microsoft.PowerApps/apis/shared_commondataserviceforapps"
            },
            "parameters": {
              "subscriptionRequest/message": 1,
              "subscriptionRequest/entityname": "ya_applicationapproval",
              "subscriptionRequest/scope": 4
            },
            "authentication": "@parameters('$authentication')"
          }
        }
      },
      "actions": {
        "行を更新する": {
          "runAfter": {
            "新ID": [
              "Succeeded"
            ]
          },
          "metadata": {
            "operationMetadataId": "84ca1925-fd29-45a9-93a9-baa010ad8990"
          },
          "type": "OpenApiConnection",
          "inputs": {
            "host": {
              "connectionName": "shared_commondataserviceforapps",
              "operationId": "UpdateRecord",
              "apiId": "/providers/Microsoft.PowerApps/apis/shared_commondataserviceforapps"
            },
            "parameters": {
              "entityName": "ya_applicationapprovals",
              "recordId": "@triggerOutputs()?['body/ya_applicationapprovalid']",
              "item/ya_id": "@outputs('新ID')"
            },
            "authentication": "@parameters('$authentication')"
          }
        },
        "承認者を取得する": {
          "runAfter": {
            "申請書を取得する": [
              "Succeeded"
            ]
          },
          "metadata": {
            "operationMetadataId": "e0271202-3ce3-465b-b9d2-fa70d875cc97"
          },
          "type": "OpenApiConnection",
          "inputs": {
            "host": {
              "connectionName": "shared_commondataserviceforapps",
              "operationId": "GetItem",
              "apiId": "/providers/Microsoft.PowerApps/apis/shared_commondataserviceforapps"
            },
            "parameters": {
              "entityName": "@triggerOutputs()?['body/_ya_approver_type']",
              "recordId": "@triggerOutputs()?['body/_ya_approver_value']"
            },
            "authentication": "@parameters('$authentication')"
          }
        },
        "申請書を取得する": {
          "runAfter": {},
          "metadata": {
            "operationMetadataId": "354731a8-cfe9-41bb-9dd6-2ef51c70266c"
          },
          "type": "OpenApiConnection",
          "inputs": {
            "host": {
              "connectionName": "shared_commondataserviceforapps",
              "operationId": "GetItem",
              "apiId": "/providers/Microsoft.PowerApps/apis/shared_commondataserviceforapps"
            },
            "parameters": {
              "entityName": "@triggerOutputs()?['body/_ya_applicationrequest_type']",
              "recordId": "@triggerOutputs()?['body/_ya_applicationrequest_value']"
            },
            "authentication": "@parameters('$authentication')"
          }
        },
        "新ID": {
          "runAfter": {
            "承認者を取得する": [
              "Succeeded"
            ]
          },
          "metadata": {
            "operationMetadataId": "1f90bdd5-ee3a-43bc-9cbb-bc67881e05a5"
          },
          "type": "Compose",
          "inputs": "@{outputs('申請書を取得する')?['body/ya_id']}-@{triggerOutputs()?['body/ya_order']}-@{outputs('承認者を取得する')?['body/fullname']}",
          "description": "outputs('申請書を取得する')?['body/ya_id'] triggerOutputs()['body/ya_order'] outputs('承認者を取得する')?['body/fullname']"
        }
      }
    },
    "templateName": ""
  },
  "schemaVersion": "1.0.0.0"
}