{"schemaVersion":"1.0","appDefinitionTemplate":{"id":"/providers/Microsoft.PowerApps/apps/","type":"Microsoft.PowerApps/apps","tags":{"primaryDeviceWidth":"1366","primaryDeviceHeight":"768","supportsPortrait":"true","supportsLandscape":"true","primaryFormFactor":"Tablet","publisherVersion":"3.22122.15","minimumRequiredApiVersion":"2.2.0","hasComponent":"false","hasUnlockedComponent":"false","isUnifiedRootApp":"false","sienaVersion":"20221224T025539Z-3.22122.15.0"},"properties":{"appVersion":"2022-12-24T02:55:39Z","lifeCycleId":"Published","createdByClientVersion":{"major":3,"minor":22122,"build":15,"revision":0,"majorRevision":0,"minorRevision":0},"minClientVersion":{"major":3,"minor":22122,"build":15,"revision":0,"majorRevision":0,"minorRevision":0},"backgroundColor":"rgba(135, 100, 184, 1)","backgroundImageUri":"/15567308509347111737/Nc03cbb89-4ee0-466a-829c-9e146d075939-logoSmallFile","displayName":"申請","description":"","commitMessage":"","appUris":{"documentUri":{"value":"/15567308509347111737/N22731986-3575-462d-b002-37f178447d37-document.msapp"},"imageUris":[],"additionalUris":[]},"createdTime":"0001-01-01T00:00:00Z","lastModifiedTime":"0001-01-01T00:00:00Z","sharedGroupsCount":0,"sharedUsersCount":0,"icons":{"smallIconUri":"/15567308509347111737/N6152489e-b29a-46ac-9592-6d1cc81817fb-small.png","mediumIconUri":"/15567308509347111737/N70eb5368-66e0-4a2b-b390-08542bd8f59a-medium.png","largeIconUri":"/15567308509347111737/N39076b4a-15c1-4272-8511-360999ebfcc9-large.png","wideIconUri":"/15567308509347111737/Ne6804abb-0054-41be-b48c-e93d4adcb84d-wide.png"},"connectionReferences":{},"databaseReferences":{"default.cds":{"databaseDetails":{"referenceType":"Environmental","environmentName":"default.cds","overrideValues":{"status":"NotSpecified"}},"dataSources":{"申請種別マスタ":{"entitySetName":"ya_applicationtypes","logicalName":"ya_applicationtype"},"申請項目マスタ":{"entitySetName":"ya_applicationitems","logicalName":"ya_applicationitem"},"申請項目種別マスタ":{"entitySetName":"ya_itemtypes","logicalName":"ya_itemtype"},"ユーザー ":{"entitySetName":"systemusers","logicalName":"systemuser"}},"actions":["providers/PowerPlatform.Governance/Operations/Read"]}},"almMode":"Solution","performanceOptimizationEnabled":true,"canConsumeAppPass":true,"enableModernRuntimeMode":false,"executionRestrictions":{"isTeamsOnly":false,"dataLossPreventionEvaluationResult":{"status":"Compliant","lastEvaluationDate":"2022-12-20T03:53:48.681206Z","violations":[],"violationsByPolicy":[],"violationErrorMessage":"このアプリでは、次のコネクタが使用されます: shared_commondataservice。"}}},"appType":"ClassicCanvasApp","appComponents":[]}}